"vuln_id","package","comment"
"CVE-2007-1397","fish","baseline (2026-08-22): CPE 誤マッチ。IRC 暗号化プラグイン FiSH の CVE で fish shell ではない"
"CVE-2021-21684","git","baseline (2026-08-22): CPE 誤マッチ。Jenkins Git Plugin の CVE で git 本体ではない"
"CVE-2022-30947","git","baseline (2026-08-22): CPE 誤マッチ。Jenkins Git Plugin の CVE で git 本体ではない"
"CVE-2022-36882","git","baseline (2026-08-22): CPE 誤マッチ。Jenkins Git Plugin の CVE で git 本体ではない"
"CVE-2022-36883","git","baseline (2026-08-22): CPE 誤マッチ。Jenkins Git Plugin の CVE で git 本体ではない"
"CVE-2022-36884","git","baseline (2026-08-22): CPE 誤マッチ。Jenkins Git Plugin の CVE で git 本体ではない"
"CVE-2022-38663","git","baseline (2026-08-22): CPE 誤マッチ。Jenkins Git Plugin の CVE で git 本体ではない"
"CVE-2023-4039","gcc","baseline (2026-08-22): この時点の既知として受け入れ。理由は棚卸しで追記"
"CVE-2023-6992","zlib","baseline (2026-08-22): CPE 誤マッチ。Cloudflare fork 版 zlib の CVE (nixpkgs は madler 版)"
"CVE-2024-58251","busybox","baseline (2026-08-22): この時点の既知として受け入れ。理由は棚卸しで追記"
"CVE-2025-15281","glibc","baseline (2026-08-22): この時点の既知として受け入れ。理由は棚卸しで追記"
"CVE-2025-32989","gnutls","baseline (2026-08-22): この時点の既知として受け入れ。理由は棚卸しで追記"
"CVE-2025-32990","gnutls","baseline (2026-08-22): この時点の既知として受け入れ。理由は棚卸しで追記"
"CVE-2025-46394","busybox","baseline (2026-08-22): この時点の既知として受け入れ。理由は棚卸しで追記"
"CVE-2025-59777","libmicrohttpd","baseline (2026-08-22): この時点の既知として受け入れ。理由は棚卸しで追記"
"CVE-2025-6021","libxml2","baseline (2026-08-22): この時点の既知として受け入れ。理由は棚卸しで追記"
"CVE-2025-6170","libxml2","baseline (2026-08-22): この時点の既知として受け入れ。理由は棚卸しで追記"
"CVE-2025-62689","libmicrohttpd","baseline (2026-08-22): この時点の既知として受け入れ。理由は棚卸しで追記"
"CVE-2026-13221","perl","baseline (2026-08-22): この時点の既知として受け入れ。理由は棚卸しで追記"
"CVE-2026-13757","p11-kit","baseline (2026-08-22): この時点の既知として受け入れ。理由は棚卸しで追記"
"CVE-2026-1584","gnutls","baseline (2026-08-22): この時点の既知として受け入れ。理由は棚卸しで追記"
"CVE-2026-2100","p11-kit","baseline (2026-08-22): この時点の既知として受け入れ。理由は棚卸しで追記"
"CVE-2026-21444","libtpms","baseline (2026-08-22): この時点の既知として受け入れ。理由は棚卸しで追記"
"CVE-2026-27820","zlib","baseline (2026-08-22): この時点の既知として受け入れ。理由は棚卸しで追記"
"CVE-2026-32772","inetutils","baseline (2026-08-22): この時点の既知として受け入れ。理由は棚卸しで追記"
"CVE-2026-33845","gnutls","baseline (2026-08-22): この時点の既知として受け入れ。理由は棚卸しで追記"
"CVE-2026-33948","jq","baseline (2026-08-22): この時点の既知として受け入れ。理由は棚卸しで追記"
"CVE-2026-3832","gnutls","baseline (2026-08-22): この時点の既知として受け入れ。理由は棚卸しで追記"
"CVE-2026-3833","gnutls","baseline (2026-08-22): この時点の既知として受け入れ。理由は棚卸しで追記"
"CVE-2026-39979","jq","baseline (2026-08-22): この時点の既知として受け入れ。理由は棚卸しで追記"
"CVE-2026-4046","glibc","baseline (2026-08-22): この時点の既知として受け入れ。理由は棚卸しで追記"
"CVE-2026-42009","gnutls","baseline (2026-08-22): この時点の既知として受け入れ。理由は棚卸しで追記"
"CVE-2026-42010","gnutls","baseline (2026-08-22): この時点の既知として受け入れ。理由は棚卸しで追記"
"CVE-2026-4437","glibc","baseline (2026-08-22): この時点の既知として受け入れ。理由は棚卸しで追記"
"CVE-2026-4438","glibc","baseline (2026-08-22): この時点の既知として受け入れ。理由は棚卸しで追記"
"CVE-2026-44777","jq","baseline (2026-08-22): この時点の既知として受け入れ。理由は棚卸しで追記"
"CVE-2026-5435","glibc","baseline (2026-08-22): この時点の既知として受け入れ。理由は棚卸しで追記"
"CVE-2026-5450","glibc","baseline (2026-08-22): この時点の既知として受け入れ。理由は棚卸しで追記"
"CVE-2026-57432","perl","baseline (2026-08-22): この時点の既知として受け入れ。理由は棚卸しで追記"
"CVE-2026-5928","glibc","baseline (2026-08-22): この時点の既知として受け入れ。理由は棚卸しで追記"
"CVE-2026-6238","glibc","baseline (2026-08-22): この時点の既知として受け入れ。理由は棚卸しで追記"
"OSV-2021-777","libxml2","baseline (2026-08-22): OSS-Fuzz の finding (OSV-* 系列)。この時点の既知として受け入れ"
"OSV-2023-1307","libbpf","baseline (2026-08-22): OSS-Fuzz の finding (OSV-* 系列)。この時点の既知として受け入れ"
"OSV-2023-877","libbpf","baseline (2026-08-22): OSS-Fuzz の finding (OSV-* 系列)。この時点の既知として受け入れ"
"OSV-2024-112","boost","baseline (2026-08-22): OSS-Fuzz の finding (OSV-* 系列)。この時点の既知として受け入れ"
"OSV-2024-698","libxml2","baseline (2026-08-22): OSS-Fuzz の finding (OSV-* 系列)。この時点の既知として受け入れ"
"OSV-2024-914","boost","baseline (2026-08-22): OSS-Fuzz の finding (OSV-* 系列)。この時点の既知として受け入れ"
"CVE-2026-81642","unbound","unbound 1.26.0 / Critical 9.8: DNSSEC 検証で DNSKEY の owner 圧縮ポインタが digest バッファを溢れさせる (DoS / RCE)。閉包には lib 出力 (libunbound) しか無く、それを DT_NEEDED で持つ libgnutls-dane.so をリンクするものも無いので到達経路なし。修正 1.26.1 は staging-next まで (PR #564725、2026-09-22 staging merge) で master 未到達。nixpkgs-unstable に 1.26.1 が来たら削除する"
"CVE-2026-8376","perl","版範囲の誤マッチ。5.42.3 は修正版 (perl5423delta の Security 節に本 CVE)。NVD の CPE 範囲 (versionEndIncluding 5.43.10) が系列も修正版も区別せず当たるだけ。加えて 32-bit ビルド限定の SSize_t 桁溢れで閉包は x86_64。恒久"
"CVE-2026-85091","zlib","zlib 1.3.2 / 7.4 (AC:H): 非ブロッキング gzwrite が stall した後の gzprintf で gz_vacate の memmove が state->in を溢れる。gz* API を非ブロッキングソケットで使う経路は閉包に無い (gzprintf を import するのは libbpf の /proc/config.gz 読みだけ)。修正は upstream develop のみ (df84af2 2026-09-16) でリリースも nixpkgs の patch も無い (nixpkgs issue #563112)。nixpkgs の zlib に修正が入ったら削除する"
"CVE-2026-77860","unbound","unbound 1.26.0 / Low 3.7: serve-expired の経路で wait-limit のカウンタが 2 回減り、DNSBomb (CVE-2024-33655) 対策を回避して保留クエリを積める (DoS)。serve-expired を有効にした daemon 側の話で、加えて閉包には lib 出力 (libunbound) しか無く、それを DT_NEEDED で持つ libgnutls-dane.so をリンクするものも無いので到達経路なし。修正 1.26.1 は staging-next まで (PR #564725、2026-09-22 staging merge) で master 未到達。nixpkgs-unstable に 1.26.1 が来たら削除する"
"CVE-2026-77955","unbound","unbound 1.26.0 / Medium 4.4: zonemd-check: yes の auth-zone で、ZONEMD 検査が終わる前に改ざんされたゾーンを返す・ディスクへ書く窓がある。auth-zone を設定した resolver 側の話で、加えて閉包には lib 出力 (libunbound) しか無く、それを DT_NEEDED で持つ libgnutls-dane.so をリンクするものも無いので到達経路なし。修正 1.26.1 は staging-next まで (PR #564725、2026-09-22 staging merge) で master 未到達。nixpkgs-unstable に 1.26.1 が来たら削除する"
"CVE-2026-78227","unbound","unbound 1.26.0 / Medium 6.5: DoQ で RESET_STREAM の後に ngtcp2 の再送が解放済みバッファを読む use-after-free。--with-libngtcp2 のビルド限定で、閉包の unbound (nixpkgs 既定) には組み込まれていない。加えて閉包には lib 出力 (libunbound) しか無く、それを DT_NEEDED で持つ libgnutls-dane.so をリンクするものも無いので到達経路なし。修正 1.26.1 は staging-next まで (PR #564725、2026-09-22 staging merge) で master 未到達。nixpkgs-unstable に 1.26.1 が来たら削除する"
"CVE-2026-80225","unbound","unbound 1.26.0 / Medium 5.3 (NVD は 7.5): TCP/DoT の読み込みに連続読み込みの上限が無く、1 接続で worker のイベントループを占有できる (DoS)。daemon の受信側の話で、加えて閉包には lib 出力 (libunbound) しか無く、それを DT_NEEDED で持つ libgnutls-dane.so をリンクするものも無いので到達経路なし。修正 1.26.1 は staging-next まで (PR #564725、2026-09-22 staging merge) で master 未到達。nixpkgs-unstable に 1.26.1 が来たら削除する"
"CVE-2026-81634","unbound","unbound 1.26.0 / High 7.5: 255 文字の問い合わせ名と大きな TCP 応答で、RRset 正規化の長さ検査が先頭の owner 名を数えず heap overflow (DoS)。validator 側で libunbound にも入るが、閉包には lib 出力 (libunbound) しか無く、それを DT_NEEDED で持つ libgnutls-dane.so をリンクするものも無いので到達経路なし。修正 1.26.1 は staging-next まで (PR #564725、2026-09-22 staging merge) で master 未到達。nixpkgs-unstable に 1.26.1 が来たら削除する"
"CVE-2026-82717","unbound","unbound 1.26.0 / Critical 9.8 (CNA の v4 は 8.4): CNAME 合成で max TTL を書き換えた位置を圧縮ポインタが指すと、エラー経路でバッファ位置が進まず heap が壊れる (crash、条件次第で RCE)。iterator 側で libunbound にも入るが、閉包には lib 出力 (libunbound) しか無く、それを DT_NEEDED で持つ libgnutls-dane.so をリンクするものも無いので到達経路なし。修正 1.26.1 は staging-next まで (PR #564725、2026-09-22 staging merge) で master 未到達。nixpkgs-unstable に 1.26.1 が来たら削除する"
"CVE-2026-82720","unbound","unbound 1.26.0 / Medium 5.9: DoH のストリームを 1 本落とすとセッションごと落ち、同じセッションの他ストリームを解放後に触る use-after-free。--with-libnghttp2 のビルド限定で、閉包の unbound (nixpkgs 既定) には組み込まれていない。加えて閉包には lib 出力 (libunbound) しか無く、それを DT_NEEDED で持つ libgnutls-dane.so をリンクするものも無いので到達経路なし。修正 1.26.1 は staging-next まで (PR #564725、2026-09-22 staging merge) で master 未到達。nixpkgs-unstable に 1.26.1 が来たら削除する"
"CVE-2026-85501","unbound","unbound 1.26.0 / Medium 5.3 (NVD は 7.5): DNSSEC 検証への計算量攻撃 ReTrap (TagTrap / DelegationTrap / NsecTrap / AdditionalTrap) で CPU を食われる (DoS)。validator 側で libunbound にも入るが、閉包には lib 出力 (libunbound) しか無く、それを DT_NEEDED で持つ libgnutls-dane.so をリンクするものも無いので到達経路なし。修正 1.26.1 は staging-next まで (PR #564725、2026-09-22 staging merge) で master 未到達。nixpkgs-unstable に 1.26.1 が来たら削除する"
"CVE-2026-35189","openssl","openssl 3.6.4 / CVSS 5.3・OpenSSL Low: nameRelativeToCRLIssuer の CRL 配布点を大量に持つ証明書で、拡張のキャッシュがヒープを食う (DoS)。curl・git・nix・python3 などの TLS クライアントが、悪意のあるサーバの証明書を受け取ると届きうる。修正は 3.6.5 / 3.5.9 (OpenSSL の 2026-09-29 の advisory)。nixpkgs の既定の openssl は 9/30 ごろ openssl_3_5 に変わり、3.5.9 (PR #568288、2026-09-30 staging merge) は master 未到達で、下限 0 日でも pin では取れない。nixpkgs-unstable に 3.5.9 が来て 7 日経ったら削除する"
"CVE-2026-35191","openssl","openssl 3.6.4 / CVSS 3.7・OpenSSL Low: アドレス検証を切った OpenSSL の QUIC サーバが、増幅の上限を超えて DDoS の踏み台になる。QUIC サーバ側の話で、加えて閉包に OpenSSL 自前の QUIC 実装を使う ELF が無く (ngtcp2 は TLS 部分の SSL_set_quic_tls_cbs だけ)、到達経路なし。修正は 3.6.5 / 3.5.9 (OpenSSL の 2026-09-29 の advisory)。nixpkgs の既定の openssl は 9/30 ごろ openssl_3_5 に変わり、3.5.9 (PR #568288、2026-09-30 staging merge) は master 未到達で、下限 0 日でも pin では取れない。nixpkgs-unstable に 3.5.9 が来て 7 日経ったら削除する"
"CVE-2026-42772","openssl","openssl 3.6.4 / CVSS 5.3・OpenSSL Low: OpenSSL 自前の QUIC 実装の stream 再構成が、順不同の到着で O(n^2) になり CPU を食う (DoS)。閉包に OpenSSL 自前の QUIC 実装を使う ELF が無く (ngtcp2 は TLS 部分の SSL_set_quic_tls_cbs だけ)、到達経路なし。修正は 3.6.5 / 3.5.9 (OpenSSL の 2026-09-29 の advisory)。nixpkgs の既定の openssl は 9/30 ごろ openssl_3_5 に変わり、3.5.9 (PR #568288、2026-09-30 staging merge) は master 未到達で、下限 0 日でも pin では取れない。nixpkgs-unstable に 3.5.9 が来て 7 日経ったら削除する"
"CVE-2026-54872","openssl","openssl 3.6.4 / CVSS 3.7・OpenSSL Low: Brainpool など専用実装の無い曲線の ECDSA 署名で、署名時間から nonce が漏れる (NIST の P-256 / P-384 / P-521 は対象外)。届きうるが、そうした曲線での署名を大量に計測される状況が要る。修正は 3.6.5 / 3.5.9 (OpenSSL の 2026-09-29 の advisory)。nixpkgs の既定の openssl は 9/30 ごろ openssl_3_5 に変わり、3.5.9 (PR #568288、2026-09-30 staging merge) は master 未到達で、下限 0 日でも pin では取れない。nixpkgs-unstable に 3.5.9 が来て 7 日経ったら削除する"
"CVE-2026-54873","openssl","openssl 3.6.4 / CVSS 7.5・OpenSSL Low: OpenSSL 自前の QUIC 実装で、細工した STREAM 断片にパケットバッファを長く握らされる (DoS)。閉包に OpenSSL 自前の QUIC 実装を使う ELF が無く (ngtcp2 は TLS 部分の SSL_set_quic_tls_cbs だけ)、到達経路なし。修正は 3.6.5 / 3.5.9 (OpenSSL の 2026-09-29 の advisory)。nixpkgs の既定の openssl は 9/30 ごろ openssl_3_5 に変わり、3.5.9 (PR #568288、2026-09-30 staging merge) は master 未到達で、下限 0 日でも pin では取れない。nixpkgs-unstable に 3.5.9 が来て 7 日経ったら削除する"
"CVE-2026-54875","openssl","openssl 3.6.4 / CVSS 3.7・OpenSSL Low: ARM64・RISC-V の SM2 の最適化実装が定数時間でない。SM2 の鍵を使う用途が無く、スキャン対象の x86_64 はそもそも対象外。修正は 3.6.5 / 3.5.9 (OpenSSL の 2026-09-29 の advisory)。nixpkgs の既定の openssl は 9/30 ごろ openssl_3_5 に変わり、3.5.9 (PR #568288、2026-09-30 staging merge) は master 未到達で、下限 0 日でも pin では取れない。nixpkgs-unstable に 3.5.9 が来て 7 日経ったら削除する"
"CVE-2026-72897","openssl","openssl 3.6.4 / CVSS 7.5・OpenSSL Low: ハンドシェイクの途中で SSL_set_SSL_CTX() を呼ぶ TLS サーバが、ヒープの範囲外を読み書きする (DoS)。閉包で関数を引くのは python3 の _ssl と Net::SSLeay だけで、SNI で文脈を切り替える TLS サーバとして動かすときに限られ、クライアントの用途では届かない。修正は 3.6.5 / 3.5.9 (OpenSSL の 2026-09-29 の advisory)。nixpkgs の既定の openssl は 9/30 ごろ openssl_3_5 に変わり、3.5.9 (PR #568288、2026-09-30 staging merge) は master 未到達で、下限 0 日でも pin では取れない。nixpkgs-unstable に 3.5.9 が来て 7 日経ったら削除する"
"CVE-2026-75804","openssl","openssl 3.6.4 / CVSS 5.3・OpenSSL Low: OpenSSL 自前の QUIC 実装が stream に接続単位のフロー制御をかけず、~100MB を受け取らされる (DoS)。閉包に OpenSSL 自前の QUIC 実装を使う ELF が無く (ngtcp2 は TLS 部分の SSL_set_quic_tls_cbs だけ)、到達経路なし。修正は 3.6.5 / 3.5.9 (OpenSSL の 2026-09-29 の advisory)。nixpkgs の既定の openssl は 9/30 ごろ openssl_3_5 に変わり、3.5.9 (PR #568288、2026-09-30 staging merge) は master 未到達で、下限 0 日でも pin では取れない。nixpkgs-unstable に 3.5.9 が来て 7 日経ったら削除する"
"CVE-2026-75805","openssl","openssl 3.6.4 / CVSS 5.3・OpenSSL Low: PKCS#10 の CSR で失効を頼む CMP クライアントが、細工した応答で NULL を読んで落ちる。閉包に CMP の API (OSSL_CMP_*) を引く ELF が無く (openssl コマンドも閉包に無い)、到達経路なし。修正は 3.6.5 / 3.5.9 (OpenSSL の 2026-09-29 の advisory)。nixpkgs の既定の openssl は 9/30 ごろ openssl_3_5 に変わり、3.5.9 (PR #568288、2026-09-30 staging merge) は master 未到達で、下限 0 日でも pin では取れない。nixpkgs-unstable に 3.5.9 が来て 7 日経ったら削除する"
"CVE-2026-75806","openssl","openssl 3.6.4 / CVSS 5.3・OpenSSL Low: 確立済みの DTLS 1.2 (AEAD) の接続を、認証の無い短い datagram 1 つで切れる (DoS)。閉包に DTLS の API (DTLS_*_method) を引く ELF が無いので到達経路なし。修正は 3.6.5 / 3.5.9 (OpenSSL の 2026-09-29 の advisory)。nixpkgs の既定の openssl は 9/30 ごろ openssl_3_5 に変わり、3.5.9 (PR #568288、2026-09-30 staging merge) は master 未到達で、下限 0 日でも pin では取れない。nixpkgs-unstable に 3.5.9 が来て 7 日経ったら削除する"
"CVE-2026-77696","openssl","openssl 3.6.4 / CVSS 3.7・OpenSSL Low: SM2 署名の生成が定数時間でなく、署名時間から nonce が漏れる。SM2 の鍵で署名する用途が無いので到達経路なし。修正は 3.6.5 / 3.5.9 (OpenSSL の 2026-09-29 の advisory)。nixpkgs の既定の openssl は 9/30 ごろ openssl_3_5 に変わり、3.5.9 (PR #568288、2026-09-30 staging merge) は master 未到達で、下限 0 日でも pin では取れない。nixpkgs-unstable に 3.5.9 が来て 7 日経ったら削除する"
"CVE-2026-84782","openssl","openssl 3.6.4 / CVSS 8.2・OpenSSL High: DTLS の再送が書きかけのメッセージの位置から読み、ヒープの内容を相手へ漏らす・落ちる。閉包に DTLS の API (DTLS_*_method) を引く ELF が無いので到達経路なし。修正は 3.6.5 / 3.5.9 (OpenSSL の 2026-09-29 の advisory)。nixpkgs の既定の openssl は 9/30 ごろ openssl_3_5 に変わり、3.5.9 (PR #568288、2026-09-30 staging merge) は master 未到達で、下限 0 日でも pin では取れない。nixpkgs-unstable に 3.5.9 が来て 7 日経ったら削除する"
"CVE-2026-84784","openssl","openssl 3.6.4 / CVSS 7.5・OpenSSL Low: OpenSSL 自前の QUIC 実装が RETIRE_CONNECTION_ID を溜め、~400MB を確保させられる (DoS)。閉包に OpenSSL 自前の QUIC 実装を使う ELF が無く (ngtcp2 は TLS 部分の SSL_set_quic_tls_cbs だけ)、到達経路なし。修正は 3.6.5 / 3.5.9 (OpenSSL の 2026-09-29 の advisory)。nixpkgs の既定の openssl は 9/30 ごろ openssl_3_5 に変わり、3.5.9 (PR #568288、2026-09-30 staging merge) は master 未到達で、下限 0 日でも pin では取れない。nixpkgs-unstable に 3.5.9 が来て 7 日経ったら削除する"
